X_0862099,S1X_0862099,defaultSecondary3P,100.0,ABC
X_0862099,S2X_0862099,defaultSecondary3P,100.0,ABC
X_0862099,S3X_0862099,defaultSecondary3P,100.0,ABC
X_1000663,S1X_1000663,defaultSecondary,100.0,A
X_1000663,S1X_1000663,defaultSecondary,100.0,B
X_1000663,S1X_1000663,defaultSecondary,100.0,C
X_1000252,S1X_1000252,defaultSecondary,100.0,B
X_1001746,S1X_1001746,defaultSecondary3P,100.0,ABC
X_1001746,S2X_1001746,defaultSecondary3P,100.0,ABC
X_1001746,S3X_1001746,defaultSecondary3P,100.0,ABC
X_1000502,S1X_1000502,defaultSecondary,100.0,B
X_1000824,S1X_1000824,defaultSecondary,100.0,A
X_1000824,S2X_1000824,defaultSecondary,100.0,A
X_1000824,S3X_1000824,defaultSecondary,100.0,A
X_1000824,S1X_1000824,defaultSecondary,100.0,B
X_1000824,S2X_1000824,defaultSecondary,100.0,B
X_1000824,S3X_1000824,defaultSecondary,100.0,B
X_1000824,S1X_1000824,defaultSecondary,100.0,C
X_1000824,S2X_1000824,defaultSecondary,100.0,C
X_1000824,S3X_1000824,defaultSecondary,100.0,C
X_1001745,S1X_1001745,defaultSecondary3P,100.0,ABC
X_1001745,S2X_1001745,defaultSecondary3P,100.0,ABC
X_1001745,S3X_1001745,defaultSecondary3P,100.0,ABC
X_1001329,S1X_1001329,defaultSecondary3P,100.0,ABC
X_1001329,S2X_1001329,defaultSecondary3P,100.0,ABC
X_1001329,S3X_1001329,defaultSecondary3P,100.0,ABC
X_1001359,S1X_1001359,defaultSecondary3P,100.0,ABC
X_1001359,S2X_1001359,defaultSecondary3P,100.0,ABC
X_1001359,S3X_1001359,defaultSecondary3P,100.0,ABC
X_1001330,S1X_1001330,defaultSecondary3P,100.0,ABC
X_1001330,S2X_1001330,defaultSecondary3P,100.0,ABC
X_1001330,S3X_1001330,defaultSecondary3P,100.0,ABC
X_1001330,S4X_1001330,defaultSecondary3P,100.0,ABC
X_1001330,S5X_1001330,defaultSecondary3P,100.0,ABC
X_1001330,S6X_1001330,defaultSecondary3P,100.0,ABC
X_1000672,S1X_1000672,defaultSecondary,100.0,A
X_1001708,S1X_1001708,defaultSecondary3P,100.0,ABC
X_1001708,S2X_1001708,defaultSecondary3P,100.0,ABC
X_1001708,S3X_1001708,defaultSecondary3P,100.0,ABC
X_1001345,S1X_1001345,defaultSecondary3P,100.0,ABC
X_1001345,S2X_1001345,defaultSecondary3P,100.0,ABC
X_1001345,S3X_1001345,defaultSecondary3P,100.0,ABC
X_1000933,S1X_1000933,defaultSecondary3P,100.0,ABC
X_1000933,S2X_1000933,defaultSecondary3P,100.0,ABC
X_1000933,S3X_1000933,defaultSecondary3P,100.0,ABC
X_1000933,S4X_1000933,defaultSecondary3P,100.0,ABC
X_1000933,S5X_1000933,defaultSecondary3P,100.0,ABC
X_1000933,S6X_1000933,defaultSecondary3P,100.0,ABC
X_1000933,S7X_1000933,defaultSecondary3P,100.0,ABC
X_1000933,S8X_1000933,defaultSecondary3P,100.0,ABC
X_1000933,S9X_1000933,defaultSecondary3P,100.0,ABC
X_1000933,S10X_1000933,defaultSecondary3P,100.0,ABC
X_1000933,S11X_1000933,defaultSecondary3P,100.0,ABC
X_1000933,S12X_1000933,defaultSecondary3P,100.0,ABC
X_1000933,S13X_1000933,defaultSecondary3P,100.0,ABC
X_1000933,S14X_1000933,defaultSecondary3P,100.0,ABC
X_1000933,S15X_1000933,defaultSecondary3P,100.0,ABC
X_1001823,S1X_1001823,defaultSecondary,100.0,A
X_1001822,S1X_1001822,defaultSecondary,100.0,A
X_1001822,S1X_1001822,defaultSecondary,100.0,B
X_1001822,S1X_1001822,defaultSecondary,100.0,C
X_1000042,S1X_1000042,defaultSecondary,100.0,A
X_1000042,S2X_1000042,defaultSecondary,100.0,A
X_1000042,S3X_1000042,defaultSecondary,100.0,A
X_1000042,S4X_1000042,defaultSecondary,100.0,A
X_1000042,S5X_1000042,defaultSecondary,100.0,A
X_1000042,S6X_1000042,defaultSecondary,100.0,A
X_1000042,S7X_1000042,defaultSecondary,100.0,A
X_1000077,S1X_1000077,defaultSecondary,100.0,A
X_1000077,S2X_1000077,defaultSecondary,100.0,A
X_1000077,S3X_1000077,defaultSecondary,100.0,A
X_1000077,S4X_1000077,defaultSecondary,100.0,A
X_1000077,S5X_1000077,defaultSecondary,100.0,A
X_1000077,S6X_1000077,defaultSecondary,100.0,A
X_1000474,S1X_1000474,defaultSecondary,100.0,A
X_1000474,S2X_1000474,defaultSecondary,100.0,A
X_1000474,S3X_1000474,defaultSecondary,100.0,A
X_1000474,S4X_1000474,defaultSecondary,100.0,A
X_1000474,S5X_1000474,defaultSecondary,100.0,A
X_1000043,S1X_1000043,defaultSecondary,100.0,A
X_1000043,S2X_1000043,defaultSecondary,100.0,A
X_1000043,S3X_1000043,defaultSecondary,100.0,A
X_1000043,S4X_1000043,defaultSecondary,100.0,A
X_1000043,S5X_1000043,defaultSecondary,100.0,A
X_1000043,S6X_1000043,defaultSecondary,100.0,A
X_1001567,S1X_1001567,defaultSecondary3P,100.0,ABC
X_1001567,S2X_1001567,defaultSecondary3P,100.0,ABC
X_1001567,S3X_1001567,defaultSecondary3P,100.0,ABC
X_1000233,S1X_1000233,defaultSecondary,100.0,B
X_1000569,S1X_1000569,defaultSecondary3P,100.0,ABC
X_1000569,S2X_1000569,defaultSecondary3P,100.0,ABC
X_1000569,S3X_1000569,defaultSecondary3P,100.0,ABC
X_1000746,S1X_1000746,defaultSecondary3P,100.0,ABC
X_1000746,S2X_1000746,defaultSecondary3P,100.0,ABC
X_1000746,S3X_1000746,defaultSecondary3P,100.0,ABC
X_1000608,S1X_1000608,defaultSecondary,100.0,A
X_1000608,S2X_1000608,defaultSecondary,100.0,A
X_1000608,S3X_1000608,defaultSecondary,100.0,A
X_1000608,S4X_1000608,defaultSecondary,100.0,A
X_1000608,S5X_1000608,defaultSecondary,100.0,A
X_1000608,S6X_1000608,defaultSecondary,100.0,A
X_1000608,S7X_1000608,defaultSecondary,100.0,A
X_1000608,S8X_1000608,defaultSecondary,100.0,A
X_1000609,S1X_1000609,defaultSecondary,100.0,A
X_1000609,S2X_1000609,defaultSecondary,100.0,A
X_1000609,S3X_1000609,defaultSecondary,100.0,A
X_1000609,S4X_1000609,defaultSecondary,100.0,A
X_1000609,S5X_1000609,defaultSecondary,100.0,A
X_1000609,S6X_1000609,defaultSecondary,100.0,A
X_1000609,S7X_1000609,defaultSecondary,100.0,A
X_1000609,S8X_1000609,defaultSecondary,100.0,A
X_1000609,S9X_1000609,defaultSecondary,100.0,A
X_1000609,S10X_1000609,defaultSecondary,100.0,A
X_1000609,S11X_1000609,defaultSecondary,100.0,A
X_1000610,S1X_1000610,defaultSecondary,100.0,A
X_1000610,S2X_1000610,defaultSecondary,100.0,A
X_1000610,S3X_1000610,defaultSecondary,100.0,A
X_1000610,S4X_1000610,defaultSecondary,100.0,A
X_1000610,S5X_1000610,defaultSecondary,100.0,A
X_1000610,S6X_1000610,defaultSecondary,100.0,A
X_1000610,S7X_1000610,defaultSecondary,100.0,A
X_1000610,S8X_1000610,defaultSecondary,100.0,A
X_1000610,S9X_1000610,defaultSecondary,100.0,A
X_1000610,S10X_1000610,defaultSecondary,100.0,A
X_1000610,S11X_1000610,defaultSecondary,100.0,A
X_1000611,S1X_1000611,defaultSecondary,100.0,A
X_1000611,S2X_1000611,defaultSecondary,100.0,A
X_1000611,S3X_1000611,defaultSecondary,100.0,A
X_1000611,S4X_1000611,defaultSecondary,100.0,A
X_1000611,S5X_1000611,defaultSecondary,100.0,A
X_1000612,S1X_1000612,defaultSecondary,100.0,A
X_1000612,S2X_1000612,defaultSecondary,100.0,A
X_1000612,S3X_1000612,defaultSecondary,100.0,A
X_1000612,S4X_1000612,defaultSecondary,100.0,A
X_1000612,S5X_1000612,defaultSecondary,100.0,A
X_1000612,S6X_1000612,defaultSecondary,100.0,A
X_1000612,S7X_1000612,defaultSecondary,100.0,A
X_1000612,S8X_1000612,defaultSecondary,100.0,A
X_1000598,S1X_1000598,defaultSecondary,100.0,C
X_1000598,S2X_1000598,defaultSecondary,100.0,C
X_1000598,S3X_1000598,defaultSecondary,100.0,C
X_1000598,S4X_1000598,defaultSecondary,100.0,C
X_1000598,S5X_1000598,defaultSecondary,100.0,C
X_1000598,S6X_1000598,defaultSecondary,100.0,C
X_1000598,S7X_1000598,defaultSecondary,100.0,C
X_1000598,S8X_1000598,defaultSecondary,100.0,C
X_1000598,S9X_1000598,defaultSecondary,100.0,C
X_1000599,S1X_1000599,defaultSecondary,100.0,C
X_1000599,S2X_1000599,defaultSecondary,100.0,C
X_1000599,S3X_1000599,defaultSecondary,100.0,C
X_1000599,S4X_1000599,defaultSecondary,100.0,C
X_1000599,S5X_1000599,defaultSecondary,100.0,C
X_1000599,S6X_1000599,defaultSecondary,100.0,C
X_1000599,S7X_1000599,defaultSecondary,100.0,C
X_1000599,S8X_1000599,defaultSecondary,100.0,C
X_1000599,S9X_1000599,defaultSecondary,100.0,C
X_1000599,S10X_1000599,defaultSecondary,100.0,C
X_1000599,S11X_1000599,defaultSecondary,100.0,C
X_1000600,S1X_1000600,defaultSecondary,100.0,C
X_1000600,S2X_1000600,defaultSecondary,100.0,C
X_1000600,S3X_1000600,defaultSecondary,100.0,C
X_1000600,S4X_1000600,defaultSecondary,100.0,C
X_1000600,S5X_1000600,defaultSecondary,100.0,C
X_1000600,S6X_1000600,defaultSecondary,100.0,C
X_1000600,S7X_1000600,defaultSecondary,100.0,C
X_1000600,S8X_1000600,defaultSecondary,100.0,C
X_1000600,S9X_1000600,defaultSecondary,100.0,C
X_1000602,S1X_1000602,defaultSecondary,100.0,C
X_1000602,S2X_1000602,defaultSecondary,100.0,C
X_1000602,S3X_1000602,defaultSecondary,100.0,C
X_1000602,S4X_1000602,defaultSecondary,100.0,C
X_1000602,S5X_1000602,defaultSecondary,100.0,C
X_1000602,S6X_1000602,defaultSecondary,100.0,C
X_1000602,S7X_1000602,defaultSecondary,100.0,C
X_1000602,S8X_1000602,defaultSecondary,100.0,C
X_1000601,S1X_1000601,defaultSecondary,100.0,C
X_1000601,S2X_1000601,defaultSecondary,100.0,C
X_1000601,S3X_1000601,defaultSecondary,100.0,C
X_1000601,S4X_1000601,defaultSecondary,100.0,C
X_1000601,S5X_1000601,defaultSecondary,100.0,C
X_1000601,S6X_1000601,defaultSecondary,100.0,C
X_1000601,S7X_1000601,defaultSecondary,100.0,C
X_1000601,S8X_1000601,defaultSecondary,100.0,C
X_1000603,S1X_1000603,defaultSecondary,100.0,B
X_1000603,S2X_1000603,defaultSecondary,100.0,B
X_1000603,S3X_1000603,defaultSecondary,100.0,B
X_1000603,S4X_1000603,defaultSecondary,100.0,B
X_1000603,S5X_1000603,defaultSecondary,100.0,B
X_1000603,S6X_1000603,defaultSecondary,100.0,B
X_1000603,S7X_1000603,defaultSecondary,100.0,B
X_1000604,S1X_1000604,defaultSecondary,100.0,B
X_1000604,S2X_1000604,defaultSecondary,100.0,B
X_1000604,S3X_1000604,defaultSecondary,100.0,B
X_1000604,S4X_1000604,defaultSecondary,100.0,B
X_1000604,S5X_1000604,defaultSecondary,100.0,B
X_1000604,S6X_1000604,defaultSecondary,100.0,B
X_1000604,S7X_1000604,defaultSecondary,100.0,B
X_1000604,S8X_1000604,defaultSecondary,100.0,B
X_1000604,S9X_1000604,defaultSecondary,100.0,B
X_1000604,S10X_1000604,defaultSecondary,100.0,B
X_1000604,S11X_1000604,defaultSecondary,100.0,B
X_1000604,S12X_1000604,defaultSecondary,100.0,B
X_1000604,S13X_1000604,defaultSecondary,100.0,B
X_1000604,S14X_1000604,defaultSecondary,100.0,B
X_1000604,S15X_1000604,defaultSecondary,100.0,B
X_1000605,S1X_1000605,defaultSecondary,100.0,B
X_1000605,S2X_1000605,defaultSecondary,100.0,B
X_1000605,S3X_1000605,defaultSecondary,100.0,B
X_1000605,S4X_1000605,defaultSecondary,100.0,B
X_1000605,S5X_1000605,defaultSecondary,100.0,B
X_1000605,S6X_1000605,defaultSecondary,100.0,B
X_1000605,S7X_1000605,defaultSecondary,100.0,B
X_1000605,S8X_1000605,defaultSecondary,100.0,B
X_1000605,S9X_1000605,defaultSecondary,100.0,B
X_1000605,S10X_1000605,defaultSecondary,100.0,B
X_1000605,S11X_1000605,defaultSecondary,100.0,B
X_1000606,S1X_1000606,defaultSecondary,100.0,B
X_1000606,S2X_1000606,defaultSecondary,100.0,B
X_1000606,S3X_1000606,defaultSecondary,100.0,B
X_1000606,S4X_1000606,defaultSecondary,100.0,B
X_1000606,S5X_1000606,defaultSecondary,100.0,B
X_1000606,S6X_1000606,defaultSecondary,100.0,B
X_1000606,S7X_1000606,defaultSecondary,100.0,B
X_1000606,S8X_1000606,defaultSecondary,100.0,B
X_1000606,S9X_1000606,defaultSecondary,100.0,B
X_1000606,S10X_1000606,defaultSecondary,100.0,B
X_1000606,S11X_1000606,defaultSecondary,100.0,B
X_1000606,S12X_1000606,defaultSecondary,100.0,B
X_1000607,S1X_1000607,defaultSecondary,100.0,B
X_1000607,S2X_1000607,defaultSecondary,100.0,B
X_1000607,S3X_1000607,defaultSecondary,100.0,B
X_1000607,S4X_1000607,defaultSecondary,100.0,B
X_1000607,S5X_1000607,defaultSecondary,100.0,B
X_1000607,S6X_1000607,defaultSecondary,100.0,B
X_1000607,S7X_1000607,defaultSecondary,100.0,B
X_1000607,S8X_1000607,defaultSecondary,100.0,B
X_1001933,S1X_1001933,defaultSecondary3P,100.0,ABC
X_1001933,S2X_1001933,defaultSecondary3P,100.0,ABC
X_1001933,S3X_1001933,defaultSecondary3P,100.0,ABC
X_1000198,S1X_1000198,defaultSecondary,100.0,A
X_1000548,S1X_1000548,defaultSecondary,100.0,A
X_1000069,S1X_1000069,defaultSecondary3P,100.0,ABC
X_1000069,S2X_1000069,defaultSecondary3P,100.0,ABC
X_1000069,S3X_1000069,defaultSecondary3P,100.0,ABC
X_1000069,S4X_1000069,defaultSecondary3P,100.0,ABC
X_1000069,S5X_1000069,defaultSecondary3P,100.0,ABC
X_1000069,S6X_1000069,defaultSecondary3P,100.0,ABC
X_1000531,S1X_1000531,defaultSecondary,100.0,A
X_1000531,S2X_1000531,defaultSecondary,100.0,A
X_1000531,S3X_1000531,defaultSecondary,100.0,A
X_1000531,S4X_1000531,defaultSecondary,100.0,A
X_1000531,S5X_1000531,defaultSecondary,100.0,A
X_1000531,S6X_1000531,defaultSecondary,100.0,A
X_1000531,S7X_1000531,defaultSecondary,100.0,A
X_1000531,S8X_1000531,defaultSecondary,100.0,A
X_1000531,S9X_1000531,defaultSecondary,100.0,A
X_1000531,S10X_1000531,defaultSecondary,100.0,A
X_1000531,S11X_1000531,defaultSecondary,100.0,A
X_1000533,S1X_1000533,defaultSecondary,100.0,A
X_1000533,S2X_1000533,defaultSecondary,100.0,A
X_1000533,S3X_1000533,defaultSecondary,100.0,A
X_1000533,S4X_1000533,defaultSecondary,100.0,A
X_1000533,S5X_1000533,defaultSecondary,100.0,A
X_1000533,S6X_1000533,defaultSecondary,100.0,A
X_1000533,S7X_1000533,defaultSecondary,100.0,A
X_1000533,S8X_1000533,defaultSecondary,100.0,A
X_1000533,S9X_1000533,defaultSecondary,100.0,A
X_1000533,S10X_1000533,defaultSecondary,100.0,A
X_1000533,S11X_1000533,defaultSecondary,100.0,A
X_1000532,S1X_1000532,defaultSecondary,100.0,A
X_1000532,S2X_1000532,defaultSecondary,100.0,A
X_1000532,S3X_1000532,defaultSecondary,100.0,A
X_1000532,S4X_1000532,defaultSecondary,100.0,A
X_1000532,S5X_1000532,defaultSecondary,100.0,A
X_1000532,S6X_1000532,defaultSecondary,100.0,A
X_1000532,S7X_1000532,defaultSecondary,100.0,A
X_1000532,S8X_1000532,defaultSecondary,100.0,A
X_1000532,S9X_1000532,defaultSecondary,100.0,A
X_1000532,S10X_1000532,defaultSecondary,100.0,A
X_1000532,S11X_1000532,defaultSecondary,100.0,A
X_1000582,S1X_1000582,defaultSecondary,100.0,A
X_1000582,S2X_1000582,defaultSecondary,100.0,A
X_1000582,S3X_1000582,defaultSecondary,100.0,A
X_1000582,S4X_1000582,defaultSecondary,100.0,A
X_1000582,S5X_1000582,defaultSecondary,100.0,A
X_1000582,S6X_1000582,defaultSecondary,100.0,A
X_1000582,S7X_1000582,defaultSecondary,100.0,A
X_1000581,S1X_1000581,defaultSecondary,100.0,A
X_1000581,S2X_1000581,defaultSecondary,100.0,A
X_1000581,S3X_1000581,defaultSecondary,100.0,A
X_1000581,S4X_1000581,defaultSecondary,100.0,A
X_1000581,S5X_1000581,defaultSecondary,100.0,A
X_1000581,S6X_1000581,defaultSecondary,100.0,A
X_1000581,S7X_1000581,defaultSecondary,100.0,A
X_1000581,S8X_1000581,defaultSecondary,100.0,A
X_1000537,S1X_1000537,defaultSecondary,100.0,A
X_1000537,S2X_1000537,defaultSecondary,100.0,A
X_1000537,S3X_1000537,defaultSecondary,100.0,A
X_1000537,S4X_1000537,defaultSecondary,100.0,A
X_1000537,S5X_1000537,defaultSecondary,100.0,A
X_1000537,S6X_1000537,defaultSecondary,100.0,A
X_1000537,S7X_1000537,defaultSecondary,100.0,A
X_1000537,S8X_1000537,defaultSecondary,100.0,A
X_1000537,S9X_1000537,defaultSecondary,100.0,A
X_1000537,S10X_1000537,defaultSecondary,100.0,A
X_1000537,S11X_1000537,defaultSecondary,100.0,A
X_1000537,S12X_1000537,defaultSecondary,100.0,A
X_1000537,S13X_1000537,defaultSecondary,100.0,A
X_1000536,S1X_1000536,defaultSecondary,100.0,A
X_1000536,S2X_1000536,defaultSecondary,100.0,A
X_1000536,S3X_1000536,defaultSecondary,100.0,A
X_1000536,S4X_1000536,defaultSecondary,100.0,A
X_1000536,S5X_1000536,defaultSecondary,100.0,A
X_1000536,S6X_1000536,defaultSecondary,100.0,A
X_1000536,S7X_1000536,defaultSecondary,100.0,A
X_1000536,S8X_1000536,defaultSecondary,100.0,A
X_1000536,S9X_1000536,defaultSecondary,100.0,A
X_1000536,S10X_1000536,defaultSecondary,100.0,A
X_1000536,S11X_1000536,defaultSecondary,100.0,A
X_1000534,S1X_1000534,defaultSecondary,100.0,C
X_1000534,S2X_1000534,defaultSecondary,100.0,C
X_1000534,S3X_1000534,defaultSecondary,100.0,C
X_1000534,S4X_1000534,defaultSecondary,100.0,C
X_1000534,S5X_1000534,defaultSecondary,100.0,C
X_1000534,S6X_1000534,defaultSecondary,100.0,C
X_1000534,S7X_1000534,defaultSecondary,100.0,C
X_1000534,S8X_1000534,defaultSecondary,100.0,C
X_1000534,S9X_1000534,defaultSecondary,100.0,C
X_1000534,S10X_1000534,defaultSecondary,100.0,C
X_1000534,S11X_1000534,defaultSecondary,100.0,C
X_1000535,S1X_1000535,defaultSecondary,100.0,C
X_1000535,S2X_1000535,defaultSecondary,100.0,C
X_1000535,S3X_1000535,defaultSecondary,100.0,C
X_1000535,S4X_1000535,defaultSecondary,100.0,C
X_1000535,S5X_1000535,defaultSecondary,100.0,C
X_1000535,S6X_1000535,defaultSecondary,100.0,C
X_1000535,S7X_1000535,defaultSecondary,100.0,C
X_1000535,S8X_1000535,defaultSecondary,100.0,C
X_1000535,S9X_1000535,defaultSecondary,100.0,C
X_1000535,S10X_1000535,defaultSecondary,100.0,C
X_1000535,S11X_1000535,defaultSecondary,100.0,C
X_1000586,S1X_1000586,defaultSecondary,100.0,C
X_1000586,S2X_1000586,defaultSecondary,100.0,C
X_1000586,S3X_1000586,defaultSecondary,100.0,C
X_1000586,S4X_1000586,defaultSecondary,100.0,C
X_1000589,S1X_1000589,defaultSecondary,100.0,C
X_1000589,S2X_1000589,defaultSecondary,100.0,C
X_1000589,S3X_1000589,defaultSecondary,100.0,C
X_1000589,S4X_1000589,defaultSecondary,100.0,C
X_1000589,S5X_1000589,defaultSecondary,100.0,C
X_1000589,S6X_1000589,defaultSecondary,100.0,C
X_1000589,S7X_1000589,defaultSecondary,100.0,C
X_1000589,S8X_1000589,defaultSecondary,100.0,C
X_1000589,S9X_1000589,defaultSecondary,100.0,C
X_1000589,S10X_1000589,defaultSecondary,100.0,C
X_1000587,S1X_1000587,defaultSecondary,100.0,C
X_1000587,S2X_1000587,defaultSecondary,100.0,C
X_1000587,S3X_1000587,defaultSecondary,100.0,C
X_1000587,S4X_1000587,defaultSecondary,100.0,C
X_1000587,S5X_1000587,defaultSecondary,100.0,C
X_1000587,S6X_1000587,defaultSecondary,100.0,C
X_1000587,S7X_1000587,defaultSecondary,100.0,C
X_1000587,S8X_1000587,defaultSecondary,100.0,C
X_1000587,S9X_1000587,defaultSecondary,100.0,C
X_1000587,S10X_1000587,defaultSecondary,100.0,C
X_1000587,S11X_1000587,defaultSecondary,100.0,C
X_1000588,S1X_1000588,defaultSecondary,100.0,C
X_1000588,S2X_1000588,defaultSecondary,100.0,C
X_1000588,S3X_1000588,defaultSecondary,100.0,C
X_1000588,S4X_1000588,defaultSecondary,100.0,C
X_1000588,S5X_1000588,defaultSecondary,100.0,C
X_1000588,S6X_1000588,defaultSecondary,100.0,C
X_1000588,S7X_1000588,defaultSecondary,100.0,C
X_1000588,S8X_1000588,defaultSecondary,100.0,C
X_1000588,S9X_1000588,defaultSecondary,100.0,C
X_1000588,S10X_1000588,defaultSecondary,100.0,C
X_1000585,S1X_1000585,defaultSecondary,100.0,C
X_1000585,S2X_1000585,defaultSecondary,100.0,C
X_1000585,S3X_1000585,defaultSecondary,100.0,C
X_1000585,S4X_1000585,defaultSecondary,100.0,C
X_1000585,S5X_1000585,defaultSecondary,100.0,C
X_1000585,S6X_1000585,defaultSecondary,100.0,C
X_1000584,S1X_1000584,defaultSecondary,100.0,C
X_1000584,S2X_1000584,defaultSecondary,100.0,C
X_1000584,S3X_1000584,defaultSecondary,100.0,C
X_1000584,S4X_1000584,defaultSecondary,100.0,C
X_1000584,S5X_1000584,defaultSecondary,100.0,C
X_1000584,S6X_1000584,defaultSecondary,100.0,C
X_1000584,S7X_1000584,defaultSecondary,100.0,C
X_1000584,S8X_1000584,defaultSecondary,100.0,C
X_1000584,S9X_1000584,defaultSecondary,100.0,C
X_1000584,S10X_1000584,defaultSecondary,100.0,C
X_1000584,S11X_1000584,defaultSecondary,100.0,C
X_1000584,S12X_1000584,defaultSecondary,100.0,C
X_1000584,S13X_1000584,defaultSecondary,100.0,C
X_1000583,S1X_1000583,defaultSecondary,100.0,C
X_1000583,S2X_1000583,defaultSecondary,100.0,C
X_1000583,S3X_1000583,defaultSecondary,100.0,C
X_1000583,S4X_1000583,defaultSecondary,100.0,C
X_1000583,S5X_1000583,defaultSecondary,100.0,C
X_1000583,S6X_1000583,defaultSecondary,100.0,C
X_1000583,S7X_1000583,defaultSecondary,100.0,C
X_1000583,S8X_1000583,defaultSecondary,100.0,C
X_1000583,S9X_1000583,defaultSecondary,100.0,C
X_1000583,S10X_1000583,defaultSecondary,100.0,C
X_1000016,S1X_1000016,defaultSecondary,100.0,B
X_1000016,S2X_1000016,defaultSecondary,100.0,B
X_1000016,S3X_1000016,defaultSecondary,100.0,B
X_1000016,S4X_1000016,defaultSecondary,100.0,B
X_1000015,S1X_1000015,defaultSecondary,100.0,A
X_1000015,S2X_1000015,defaultSecondary,100.0,A
X_1000015,S3X_1000015,defaultSecondary,100.0,A
X_1000015,S4X_1000015,defaultSecondary,100.0,A
X_1000015,S5X_1000015,defaultSecondary,100.0,A
X_1000764,S1X_1000764,defaultSecondary3P,100.0,ABC
X_1000764,S2X_1000764,defaultSecondary3P,100.0,ABC
X_1000764,S3X_1000764,defaultSecondary3P,100.0,ABC
X_1000764,S4X_1000764,defaultSecondary3P,100.0,ABC
X_1000764,S5X_1000764,defaultSecondary3P,100.0,ABC
X_1000764,S6X_1000764,defaultSecondary3P,100.0,ABC
X_1000199,S1X_1000199,defaultSecondary,100.0,A
X_1000199,S1X_1000199,defaultSecondary,100.0,B
X_1000199,S1X_1000199,defaultSecondary,100.0,C
X_1000567,S1X_1000567,defaultSecondary3P,100.0,ABC
X_1000567,S2X_1000567,defaultSecondary3P,100.0,ABC
X_1000567,S3X_1000567,defaultSecondary3P,100.0,ABC
X_1001665,S1X_1001665,defaultSecondary3P,100.0,ABC
X_1001665,S2X_1001665,defaultSecondary3P,100.0,ABC
X_1001665,S3X_1001665,defaultSecondary3P,100.0,ABC
X_1001577,S1X_1001577,defaultSecondary3P,100.0,ABC
X_1001577,S2X_1001577,defaultSecondary3P,100.0,ABC
X_1001577,S3X_1001577,defaultSecondary3P,100.0,ABC
X_1002055,S1X_1002055,defaultSecondary,100.0,A
X_1002055,S1X_1002055,defaultSecondary,100.0,B
X_1002055,S1X_1002055,defaultSecondary,100.0,C
X_1000538,S1X_1000538,defaultSecondary,100.0,A
X_1000538,S1X_1000538,defaultSecondary,100.0,B
X_1000538,S1X_1000538,defaultSecondary,100.0,C
X_1000087,S1X_1000087,defaultSecondary,100.0,A
X_1000087,S1X_1000087,defaultSecondary,100.0,B
X_1000087,S1X_1000087,defaultSecondary,100.0,C
X_1000070,S1X_1000070,defaultSecondary,100.0,B
X_1000070,S2X_1000070,defaultSecondary,100.0,B
X_1000070,S3X_1000070,defaultSecondary,100.0,B
X_1000070,S4X_1000070,defaultSecondary,100.0,B
X_1000070,S5X_1000070,defaultSecondary,100.0,B
X_1000071,S1X_1000071,defaultSecondary,100.0,A
X_1000071,S1X_1000071,defaultSecondary,100.0,B
X_1000071,S1X_1000071,defaultSecondary,100.0,C
X_1000119,S1X_1000119,defaultSecondary,100.0,B
X_1000119,S2X_1000119,defaultSecondary,100.0,B
X_1002001,S1X_1002001,defaultSecondary3P,100.0,ABC
X_1002001,S2X_1002001,defaultSecondary3P,100.0,ABC
X_1002001,S3X_1002001,defaultSecondary3P,100.0,ABC
X_1002001,S4X_1002001,defaultSecondary3P,100.0,ABC
X_1002001,S5X_1002001,defaultSecondary3P,100.0,ABC
X_1002001,S6X_1002001,defaultSecondary3P,100.0,ABC
X_1002001,S7X_1002001,defaultSecondary3P,100.0,ABC
X_1002001,S8X_1002001,defaultSecondary3P,100.0,ABC
X_1002001,S9X_1002001,defaultSecondary3P,100.0,ABC
X_1002001,S10X_1002001,defaultSecondary3P,100.0,ABC
X_1002001,S11X_1002001,defaultSecondary3P,100.0,ABC
X_1002001,S12X_1002001,defaultSecondary3P,100.0,ABC
X_1002001,S13X_1002001,defaultSecondary3P,100.0,ABC
X_1002001,S14X_1002001,defaultSecondary3P,100.0,ABC
X_1002001,S15X_1002001,defaultSecondary3P,100.0,ABC
X_1002001,S16X_1002001,defaultSecondary3P,100.0,ABC
X_1002001,S17X_1002001,defaultSecondary3P,100.0,ABC
X_1002001,S18X_1002001,defaultSecondary3P,100.0,ABC
X_1000330,S1X_1000330,defaultSecondary,100.0,C
X_1000330,S2X_1000330,defaultSecondary,100.0,C
X_1000330,S3X_1000330,defaultSecondary,100.0,C
X_1000330,S4X_1000330,defaultSecondary,100.0,C
X_1000330,S5X_1000330,defaultSecondary,100.0,C
X_1000277,S1X_1000277,defaultSecondary,100.0,C
X_1001523,S1X_1001523,defaultSecondary,100.0,A
X_1001523,S2X_1001523,defaultSecondary,100.0,A
X_1001523,S3X_1001523,defaultSecondary,100.0,A
X_1001523,S4X_1001523,defaultSecondary,100.0,A
X_1001523,S1X_1001523,defaultSecondary,100.0,B
X_1001523,S2X_1001523,defaultSecondary,100.0,B
X_1001523,S3X_1001523,defaultSecondary,100.0,B
X_1001523,S4X_1001523,defaultSecondary,100.0,B
X_1001523,S1X_1001523,defaultSecondary,100.0,C
X_1001523,S2X_1001523,defaultSecondary,100.0,C
X_1001523,S3X_1001523,defaultSecondary,100.0,C
X_1001523,S4X_1001523,defaultSecondary,100.0,C
X_1001522,S1X_1001522,defaultSecondary3P,100.0,ABC
X_1001522,S2X_1001522,defaultSecondary3P,100.0,ABC
X_1001522,S3X_1001522,defaultSecondary3P,100.0,ABC
X_1001522,S4X_1001522,defaultSecondary3P,100.0,ABC
X_1001522,S5X_1001522,defaultSecondary3P,100.0,ABC
X_1001522,S6X_1001522,defaultSecondary3P,100.0,ABC
X_1001522,S7X_1001522,defaultSecondary3P,100.0,ABC
X_1001522,S8X_1001522,defaultSecondary3P,100.0,ABC
X_1001522,S9X_1001522,defaultSecondary3P,100.0,ABC
X_1001522,S10X_1001522,defaultSecondary3P,100.0,ABC
X_1001522,S11X_1001522,defaultSecondary3P,100.0,ABC
X_1001522,S12X_1001522,defaultSecondary3P,100.0,ABC
X_1001522,S13X_1001522,defaultSecondary3P,100.0,ABC
X_1001522,S14X_1001522,defaultSecondary3P,100.0,ABC
X_1001522,S15X_1001522,defaultSecondary3P,100.0,ABC
X_1001522,S16X_1001522,defaultSecondary3P,100.0,ABC
X_1001522,S17X_1001522,defaultSecondary3P,100.0,ABC
X_1001522,S18X_1001522,defaultSecondary3P,100.0,ABC
X_1001522,S19X_1001522,defaultSecondary3P,100.0,ABC
X_1001522,S20X_1001522,defaultSecondary3P,100.0,ABC
X_1001522,S21X_1001522,defaultSecondary3P,100.0,ABC
X_1001522,S22X_1001522,defaultSecondary3P,100.0,ABC
X_1001522,S23X_1001522,defaultSecondary3P,100.0,ABC
X_1001522,S24X_1001522,defaultSecondary3P,100.0,ABC
X_1001524,S1X_1001524,defaultSecondary3P,100.0,ABC
X_1001524,S2X_1001524,defaultSecondary3P,100.0,ABC
X_1001524,S3X_1001524,defaultSecondary3P,100.0,ABC
X_1001524,S4X_1001524,defaultSecondary3P,100.0,ABC
X_1001524,S5X_1001524,defaultSecondary3P,100.0,ABC
X_1001524,S6X_1001524,defaultSecondary3P,100.0,ABC
X_1001524,S7X_1001524,defaultSecondary3P,100.0,ABC
X_1001524,S8X_1001524,defaultSecondary3P,100.0,ABC
X_1001524,S9X_1001524,defaultSecondary3P,100.0,ABC
X_1001524,S10X_1001524,defaultSecondary3P,100.0,ABC
X_1001524,S11X_1001524,defaultSecondary3P,100.0,ABC
X_1001524,S12X_1001524,defaultSecondary3P,100.0,ABC
X_1001525,S1X_1001525,defaultSecondary3P,100.0,ABC
X_1001525,S2X_1001525,defaultSecondary3P,100.0,ABC
X_1001525,S3X_1001525,defaultSecondary3P,100.0,ABC
X_1001525,S4X_1001525,defaultSecondary3P,100.0,ABC
X_1001525,S5X_1001525,defaultSecondary3P,100.0,ABC
X_1001525,S6X_1001525,defaultSecondary3P,100.0,ABC
X_1001525,S7X_1001525,defaultSecondary3P,100.0,ABC
X_1001525,S8X_1001525,defaultSecondary3P,100.0,ABC
X_1001525,S9X_1001525,defaultSecondary3P,100.0,ABC
X_1001525,S10X_1001525,defaultSecondary3P,100.0,ABC
X_1001525,S11X_1001525,defaultSecondary3P,100.0,ABC
X_1001525,S12X_1001525,defaultSecondary3P,100.0,ABC
X_1001525,S13X_1001525,defaultSecondary3P,100.0,ABC
X_1001525,S14X_1001525,defaultSecondary3P,100.0,ABC
X_1001525,S15X_1001525,defaultSecondary3P,100.0,ABC
X_1001525,S16X_1001525,defaultSecondary3P,100.0,ABC
X_1001525,S17X_1001525,defaultSecondary3P,100.0,ABC
X_1001525,S18X_1001525,defaultSecondary3P,100.0,ABC
X_1001525,S19X_1001525,defaultSecondary3P,100.0,ABC
X_1001525,S20X_1001525,defaultSecondary3P,100.0,ABC
X_1001525,S21X_1001525,defaultSecondary3P,100.0,ABC
X_1001525,S22X_1001525,defaultSecondary3P,100.0,ABC
X_1001525,S23X_1001525,defaultSecondary3P,100.0,ABC
X_1001525,S24X_1001525,defaultSecondary3P,100.0,ABC
X_1001214,S1X_1001214,defaultSecondary,100.0,B
X_1001214,S2X_1001214,defaultSecondary,100.0,B
X_1001214,S3X_1001214,defaultSecondary,100.0,B
X_1001214,S4X_1001214,defaultSecondary,100.0,B
X_1001214,S5X_1001214,defaultSecondary,100.0,B
X_1001214,S6X_1001214,defaultSecondary,100.0,B
X_1001216,S1X_1001216,defaultSecondary,100.0,B
X_1001216,S2X_1001216,defaultSecondary,100.0,B
X_1001216,S3X_1001216,defaultSecondary,100.0,B
X_1001216,S4X_1001216,defaultSecondary,100.0,B
X_1001216,S5X_1001216,defaultSecondary,100.0,B
X_1001216,S6X_1001216,defaultSecondary,100.0,B
X_1001217,S1X_1001217,defaultSecondary,100.0,A
X_1001217,S2X_1001217,defaultSecondary,100.0,A
X_1001217,S3X_1001217,defaultSecondary,100.0,A
X_1001217,S4X_1001217,defaultSecondary,100.0,A
X_1001217,S5X_1001217,defaultSecondary,100.0,A
X_1001217,S6X_1001217,defaultSecondary,100.0,A
X_1001217,S7X_1001217,defaultSecondary,100.0,A
X_1001217,S8X_1001217,defaultSecondary,100.0,A
X_1001218,S1X_1001218,defaultSecondary,100.0,A
X_1001218,S2X_1001218,defaultSecondary,100.0,A
X_1001218,S3X_1001218,defaultSecondary,100.0,A
X_1001218,S4X_1001218,defaultSecondary,100.0,A
X_1001218,S5X_1001218,defaultSecondary,100.0,A
X_1001218,S6X_1001218,defaultSecondary,100.0,A
X_1001220,S1X_1001220,defaultSecondary,100.0,A
X_1001220,S2X_1001220,defaultSecondary,100.0,A
X_1001220,S3X_1001220,defaultSecondary,100.0,A
X_1001220,S4X_1001220,defaultSecondary,100.0,A
X_1001220,S5X_1001220,defaultSecondary,100.0,A
X_1001213,S1X_1001213,defaultSecondary,100.0,B
X_1001213,S2X_1001213,defaultSecondary,100.0,B
X_1001213,S3X_1001213,defaultSecondary,100.0,B
X_1001213,S4X_1001213,defaultSecondary,100.0,B
X_1001213,S5X_1001213,defaultSecondary,100.0,B
X_1001213,S6X_1001213,defaultSecondary,100.0,B
X_1001213,S7X_1001213,defaultSecondary,100.0,B
X_1001213,S8X_1001213,defaultSecondary,100.0,B
X_1001227,S1X_1001227,defaultSecondary,100.0,C
X_1001227,S2X_1001227,defaultSecondary,100.0,C
X_1001227,S3X_1001227,defaultSecondary,100.0,C
X_1001227,S4X_1001227,defaultSecondary,100.0,C
X_1001227,S5X_1001227,defaultSecondary,100.0,C
X_1001226,S1X_1001226,defaultSecondary,100.0,C
X_1001226,S2X_1001226,defaultSecondary,100.0,C
X_1001226,S3X_1001226,defaultSecondary,100.0,C
X_1001226,S4X_1001226,defaultSecondary,100.0,C
X_1001225,S1X_1001225,defaultSecondary,100.0,C
X_1001225,S2X_1001225,defaultSecondary,100.0,C
X_1001225,S3X_1001225,defaultSecondary,100.0,C
X_1001225,S4X_1001225,defaultSecondary,100.0,C
X_1001225,S5X_1001225,defaultSecondary,100.0,C
X_1001223,S1X_1001223,defaultSecondary,100.0,A
X_1001223,S2X_1001223,defaultSecondary,100.0,A
X_1001223,S3X_1001223,defaultSecondary,100.0,A
X_1001223,S4X_1001223,defaultSecondary,100.0,A
X_1001222,S1X_1001222,defaultSecondary,100.0,A
X_1001222,S2X_1001222,defaultSecondary,100.0,A
X_1001222,S3X_1001222,defaultSecondary,100.0,A
X_1001222,S4X_1001222,defaultSecondary,100.0,A
X_1001222,S5X_1001222,defaultSecondary,100.0,A
X_1001222,S6X_1001222,defaultSecondary,100.0,A
X_1001222,S7X_1001222,defaultSecondary,100.0,A
X_1001222,S8X_1001222,defaultSecondary,100.0,A
X_1001221,S1X_1001221,defaultSecondary,100.0,A
X_1001219,S1X_1001219,defaultSecondary,100.0,A
X_1001219,S2X_1001219,defaultSecondary,100.0,A
X_1001224,S1X_1001224,defaultSecondary,100.0,C
X_1001224,S2X_1001224,defaultSecondary,100.0,C
X_1001224,S3X_1001224,defaultSecondary,100.0,C
X_1001224,S4X_1001224,defaultSecondary,100.0,C
X_1001224,S5X_1001224,defaultSecondary,100.0,C
X_1001224,S6X_1001224,defaultSecondary,100.0,C
X_1001224,S7X_1001224,defaultSecondary,100.0,C
X_1001228,S1X_1001228,defaultSecondary,100.0,B
X_1001228,S2X_1001228,defaultSecondary,100.0,B
X_1001228,S3X_1001228,defaultSecondary,100.0,B
X_1001228,S4X_1001228,defaultSecondary,100.0,B
X_1001228,S5X_1001228,defaultSecondary,100.0,B
X_1001228,S6X_1001228,defaultSecondary,100.0,B
X_1001228,S7X_1001228,defaultSecondary,100.0,B
X_1001228,S8X_1001228,defaultSecondary,100.0,B
X_1001229,S1X_1001229,defaultSecondary,100.0,B
X_1001229,S2X_1001229,defaultSecondary,100.0,B
X_1001229,S3X_1001229,defaultSecondary,100.0,B
X_1001229,S4X_1001229,defaultSecondary,100.0,B
X_1001229,S5X_1001229,defaultSecondary,100.0,B
X_1001229,S6X_1001229,defaultSecondary,100.0,B
X_1001229,S7X_1001229,defaultSecondary,100.0,B
X_1001229,S8X_1001229,defaultSecondary,100.0,B
X_1001229,S9X_1001229,defaultSecondary,100.0,B
X_1001229,S10X_1001229,defaultSecondary,100.0,B
X_1001230,S1X_1001230,defaultSecondary,100.0,B
X_1001230,S2X_1001230,defaultSecondary,100.0,B
X_1001230,S3X_1001230,defaultSecondary,100.0,B
X_1001230,S4X_1001230,defaultSecondary,100.0,B
X_1001230,S5X_1001230,defaultSecondary,100.0,B
X_1001230,S6X_1001230,defaultSecondary,100.0,B
X_1001230,S7X_1001230,defaultSecondary,100.0,B
X_1001230,S8X_1001230,defaultSecondary,100.0,B
X_1001230,S9X_1001230,defaultSecondary,100.0,B
X_1001234,S1X_1001234,defaultSecondary,100.0,C
X_1001234,S2X_1001234,defaultSecondary,100.0,C
X_1001234,S3X_1001234,defaultSecondary,100.0,C
X_1001234,S4X_1001234,defaultSecondary,100.0,C
X_1001234,S5X_1001234,defaultSecondary,100.0,C
X_1001234,S6X_1001234,defaultSecondary,100.0,C
X_1001234,S7X_1001234,defaultSecondary,100.0,C
X_1001234,S8X_1001234,defaultSecondary,100.0,C
X_1001234,S9X_1001234,defaultSecondary,100.0,C
X_1001234,S10X_1001234,defaultSecondary,100.0,C
X_1001233,S1X_1001233,defaultSecondary,100.0,C
X_1001233,S2X_1001233,defaultSecondary,100.0,C
X_1001232,S1X_1001232,defaultSecondary,100.0,C
X_1001232,S2X_1001232,defaultSecondary,100.0,C
X_1001232,S3X_1001232,defaultSecondary,100.0,C
X_1001232,S4X_1001232,defaultSecondary,100.0,C
X_1001232,S5X_1001232,defaultSecondary,100.0,C
X_1001232,S6X_1001232,defaultSecondary,100.0,C
X_1001231,S1X_1001231,defaultSecondary,100.0,C
X_1001231,S2X_1001231,defaultSecondary,100.0,C
X_1001231,S3X_1001231,defaultSecondary,100.0,C
X_1001231,S4X_1001231,defaultSecondary,100.0,C
X_1001231,S5X_1001231,defaultSecondary,100.0,C
X_1001231,S6X_1001231,defaultSecondary,100.0,C
X_1001231,S7X_1001231,defaultSecondary,100.0,C
X_1001231,S8X_1001231,defaultSecondary,100.0,C
X_1001637,S1X_1001637,defaultSecondary3P,100.0,ABC
X_1001637,S2X_1001637,defaultSecondary3P,100.0,ABC
X_1001637,S3X_1001637,defaultSecondary3P,100.0,ABC
X_1001637,S4X_1001637,defaultSecondary3P,100.0,ABC
X_1001637,S5X_1001637,defaultSecondary3P,100.0,ABC
X_1001637,S6X_1001637,defaultSecondary3P,100.0,ABC
X_1003127,S1X_1003127,defaultSecondary,100.0,B
X_1003133,S1X_1003133,defaultSecondary,100.0,B
X_1003134,S1X_1003134,defaultSecondary3P,100.0,ABC
X_1003134,S2X_1003134,defaultSecondary3P,100.0,ABC
X_1003134,S3X_1003134,defaultSecondary3P,100.0,ABC
X_1003125,S1X_1003125,defaultSecondary,100.0,A
X_1003130,S1X_1003130,defaultSecondary3P,100.0,ABC
X_1003130,S2X_1003130,defaultSecondary3P,100.0,ABC
X_1003130,S3X_1003130,defaultSecondary3P,100.0,ABC
X_1003130,S4X_1003130,defaultSecondary3P,100.0,ABC
X_1003130,S5X_1003130,defaultSecondary3P,100.0,ABC
X_1003130,S6X_1003130,defaultSecondary3P,100.0,ABC
X_1003130,S7X_1003130,defaultSecondary3P,100.0,ABC
X_1003130,S8X_1003130,defaultSecondary3P,100.0,ABC
X_1003130,S9X_1003130,defaultSecondary3P,100.0,ABC
X_1003130,S10X_1003130,defaultSecondary3P,100.0,ABC
X_1003130,S11X_1003130,defaultSecondary3P,100.0,ABC
X_1003130,S12X_1003130,defaultSecondary3P,100.0,ABC
X_1003130,S13X_1003130,defaultSecondary3P,100.0,ABC
X_1003130,S14X_1003130,defaultSecondary3P,100.0,ABC
X_1003130,S15X_1003130,defaultSecondary3P,100.0,ABC
X_1003130,S16X_1003130,defaultSecondary3P,100.0,ABC
X_1003130,S17X_1003130,defaultSecondary3P,100.0,ABC
X_1003130,S18X_1003130,defaultSecondary3P,100.0,ABC
X_1003130,S19X_1003130,defaultSecondary3P,100.0,ABC
X_1003130,S20X_1003130,defaultSecondary3P,100.0,ABC
X_1003130,S21X_1003130,defaultSecondary3P,100.0,ABC
X_1003130,S22X_1003130,defaultSecondary3P,100.0,ABC
X_1003130,S23X_1003130,defaultSecondary3P,100.0,ABC
X_1003130,S24X_1003130,defaultSecondary3P,100.0,ABC
X_1003130,S25X_1003130,defaultSecondary3P,100.0,ABC
X_1003130,S26X_1003130,defaultSecondary3P,100.0,ABC
X_1003130,S27X_1003130,defaultSecondary3P,100.0,ABC
X_1003130,S28X_1003130,defaultSecondary3P,100.0,ABC
X_1003130,S29X_1003130,defaultSecondary3P,100.0,ABC
X_1003130,S30X_1003130,defaultSecondary3P,100.0,ABC
X_1003130,S31X_1003130,defaultSecondary3P,100.0,ABC
X_1003130,S32X_1003130,defaultSecondary3P,100.0,ABC
X_1003130,S33X_1003130,defaultSecondary3P,100.0,ABC
X_1003130,S34X_1003130,defaultSecondary3P,100.0,ABC
X_1003130,S35X_1003130,defaultSecondary3P,100.0,ABC
X_1003130,S36X_1003130,defaultSecondary3P,100.0,ABC
X_1003130,S37X_1003130,defaultSecondary3P,100.0,ABC
X_1003130,S38X_1003130,defaultSecondary3P,100.0,ABC
X_1003130,S39X_1003130,defaultSecondary3P,100.0,ABC
X_1003130,S40X_1003130,defaultSecondary3P,100.0,ABC
X_1003130,S41X_1003130,defaultSecondary3P,100.0,ABC
X_1003130,S42X_1003130,defaultSecondary3P,100.0,ABC
X_1003130,S43X_1003130,defaultSecondary3P,100.0,ABC
X_1003130,S44X_1003130,defaultSecondary3P,100.0,ABC
X_1003130,S45X_1003130,defaultSecondary3P,100.0,ABC
X_1003130,S46X_1003130,defaultSecondary3P,100.0,ABC
X_1003130,S47X_1003130,defaultSecondary3P,100.0,ABC
X_1003130,S48X_1003130,defaultSecondary3P,100.0,ABC
X_1003130,S49X_1003130,defaultSecondary3P,100.0,ABC
X_1003130,S50X_1003130,defaultSecondary3P,100.0,ABC
X_1003130,S51X_1003130,defaultSecondary3P,100.0,ABC
X_1003130,S52X_1003130,defaultSecondary3P,100.0,ABC
X_1003130,S53X_1003130,defaultSecondary3P,100.0,ABC
X_1003130,S54X_1003130,defaultSecondary3P,100.0,ABC
X_1003130,S55X_1003130,defaultSecondary3P,100.0,ABC
X_1003130,S56X_1003130,defaultSecondary3P,100.0,ABC
X_1003130,S57X_1003130,defaultSecondary3P,100.0,ABC
X_1003130,S58X_1003130,defaultSecondary3P,100.0,ABC
X_1003130,S59X_1003130,defaultSecondary3P,100.0,ABC
X_1003130,S60X_1003130,defaultSecondary3P,100.0,ABC
X_1003130,S61X_1003130,defaultSecondary3P,100.0,ABC
X_1003130,S62X_1003130,defaultSecondary3P,100.0,ABC
X_1003130,S63X_1003130,defaultSecondary3P,100.0,ABC
X_1003130,S64X_1003130,defaultSecondary3P,100.0,ABC
X_1003130,S65X_1003130,defaultSecondary3P,100.0,ABC
X_1003130,S66X_1003130,defaultSecondary3P,100.0,ABC
X_1003130,S67X_1003130,defaultSecondary3P,100.0,ABC
X_1003130,S68X_1003130,defaultSecondary3P,100.0,ABC
X_1003130,S69X_1003130,defaultSecondary3P,100.0,ABC
X_1003130,S70X_1003130,defaultSecondary3P,100.0,ABC
X_1003130,S71X_1003130,defaultSecondary3P,100.0,ABC
X_1003130,S72X_1003130,defaultSecondary3P,100.0,ABC
X_1003130,S73X_1003130,defaultSecondary3P,100.0,ABC
X_1003130,S74X_1003130,defaultSecondary3P,100.0,ABC
X_1003130,S75X_1003130,defaultSecondary3P,100.0,ABC
X_1003130,S76X_1003130,defaultSecondary3P,100.0,ABC
X_1003130,S77X_1003130,defaultSecondary3P,100.0,ABC
X_1003130,S78X_1003130,defaultSecondary3P,100.0,ABC
X_1003130,S79X_1003130,defaultSecondary3P,100.0,ABC
X_1003130,S80X_1003130,defaultSecondary3P,100.0,ABC
X_1003130,S81X_1003130,defaultSecondary3P,100.0,ABC
X_1003130,S82X_1003130,defaultSecondary3P,100.0,ABC
X_1003130,S83X_1003130,defaultSecondary3P,100.0,ABC
X_1003130,S84X_1003130,defaultSecondary3P,100.0,ABC
X_1003130,S85X_1003130,defaultSecondary3P,100.0,ABC
X_1003130,S86X_1003130,defaultSecondary3P,100.0,ABC
X_1003130,S87X_1003130,defaultSecondary3P,100.0,ABC
X_1003130,S88X_1003130,defaultSecondary3P,100.0,ABC
X_1003130,S89X_1003130,defaultSecondary3P,100.0,ABC
X_1003130,S90X_1003130,defaultSecondary3P,100.0,ABC
X_1003130,S91X_1003130,defaultSecondary3P,100.0,ABC
X_1003130,S92X_1003130,defaultSecondary3P,100.0,ABC
X_1003130,S93X_1003130,defaultSecondary3P,100.0,ABC
X_1003130,S94X_1003130,defaultSecondary3P,100.0,ABC
X_1003130,S95X_1003130,defaultSecondary3P,100.0,ABC
X_1003130,S96X_1003130,defaultSecondary3P,100.0,ABC
X_1003130,S97X_1003130,defaultSecondary3P,100.0,ABC
X_1003130,S98X_1003130,defaultSecondary3P,100.0,ABC
X_1003130,S99X_1003130,defaultSecondary3P,100.0,ABC
X_1003130,S100X_1003130,defaultSecondary3P,100.0,ABC
X_1003130,S101X_1003130,defaultSecondary3P,100.0,ABC
X_1003130,S102X_1003130,defaultSecondary3P,100.0,ABC
X_1003130,S103X_1003130,defaultSecondary3P,100.0,ABC
X_1003130,S104X_1003130,defaultSecondary3P,100.0,ABC
X_1003130,S105X_1003130,defaultSecondary3P,100.0,ABC
X_1003130,S106X_1003130,defaultSecondary3P,100.0,ABC
X_1003130,S107X_1003130,defaultSecondary3P,100.0,ABC
X_1003130,S108X_1003130,defaultSecondary3P,100.0,ABC
X_1003130,S109X_1003130,defaultSecondary3P,100.0,ABC
X_1003130,S110X_1003130,defaultSecondary3P,100.0,ABC
X_1003130,S111X_1003130,defaultSecondary3P,100.0,ABC
X_1003130,S112X_1003130,defaultSecondary3P,100.0,ABC
X_1003130,S113X_1003130,defaultSecondary3P,100.0,ABC
X_1003130,S114X_1003130,defaultSecondary3P,100.0,ABC
X_1003130,S115X_1003130,defaultSecondary3P,100.0,ABC
X_1003130,S116X_1003130,defaultSecondary3P,100.0,ABC
X_1003130,S117X_1003130,defaultSecondary3P,100.0,ABC
X_1003130,S118X_1003130,defaultSecondary3P,100.0,ABC
X_1003130,S119X_1003130,defaultSecondary3P,100.0,ABC
X_1003130,S120X_1003130,defaultSecondary3P,100.0,ABC
X_1003130,S121X_1003130,defaultSecondary3P,100.0,ABC
X_1003130,S122X_1003130,defaultSecondary3P,100.0,ABC
X_1003130,S123X_1003130,defaultSecondary3P,100.0,ABC
X_1003130,S124X_1003130,defaultSecondary3P,100.0,ABC
X_1003130,S125X_1003130,defaultSecondary3P,100.0,ABC
X_1003130,S126X_1003130,defaultSecondary3P,100.0,ABC
X_1003130,S127X_1003130,defaultSecondary3P,100.0,ABC
X_1003130,S128X_1003130,defaultSecondary3P,100.0,ABC
X_1003130,S129X_1003130,defaultSecondary3P,100.0,ABC
X_1003130,S130X_1003130,defaultSecondary3P,100.0,ABC
X_1003130,S131X_1003130,defaultSecondary3P,100.0,ABC
X_1003130,S132X_1003130,defaultSecondary3P,100.0,ABC
X_1003130,S133X_1003130,defaultSecondary3P,100.0,ABC
X_1003130,S134X_1003130,defaultSecondary3P,100.0,ABC
X_1003130,S135X_1003130,defaultSecondary3P,100.0,ABC
X_1003130,S136X_1003130,defaultSecondary3P,100.0,ABC
X_1003130,S137X_1003130,defaultSecondary3P,100.0,ABC
X_1003130,S138X_1003130,defaultSecondary3P,100.0,ABC
X_1003130,S139X_1003130,defaultSecondary3P,100.0,ABC
X_1003130,S140X_1003130,defaultSecondary3P,100.0,ABC
X_1003130,S141X_1003130,defaultSecondary3P,100.0,ABC
X_1003130,S142X_1003130,defaultSecondary3P,100.0,ABC
X_1003130,S143X_1003130,defaultSecondary3P,100.0,ABC
X_1003130,S144X_1003130,defaultSecondary3P,100.0,ABC
X_1003130,S145X_1003130,defaultSecondary3P,100.0,ABC
X_1003130,S146X_1003130,defaultSecondary3P,100.0,ABC
X_1003130,S147X_1003130,defaultSecondary3P,100.0,ABC
X_1003130,S148X_1003130,defaultSecondary3P,100.0,ABC
X_1003130,S149X_1003130,defaultSecondary3P,100.0,ABC
X_1003130,S150X_1003130,defaultSecondary3P,100.0,ABC
X_1003130,S151X_1003130,defaultSecondary3P,100.0,ABC
X_1003130,S152X_1003130,defaultSecondary3P,100.0,ABC
X_1003130,S153X_1003130,defaultSecondary3P,100.0,ABC
X_1003130,S154X_1003130,defaultSecondary3P,100.0,ABC
X_1003130,S155X_1003130,defaultSecondary3P,100.0,ABC
X_1003130,S156X_1003130,defaultSecondary3P,100.0,ABC
X_1003130,S157X_1003130,defaultSecondary3P,100.0,ABC
X_1003130,S158X_1003130,defaultSecondary3P,100.0,ABC
X_1003130,S159X_1003130,defaultSecondary3P,100.0,ABC
X_1003130,S160X_1003130,defaultSecondary3P,100.0,ABC
X_1003130,S161X_1003130,defaultSecondary3P,100.0,ABC
X_1003130,S162X_1003130,defaultSecondary3P,100.0,ABC
X_1003130,S163X_1003130,defaultSecondary3P,100.0,ABC
X_1003130,S164X_1003130,defaultSecondary3P,100.0,ABC
X_1003130,S165X_1003130,defaultSecondary3P,100.0,ABC
X_1003130,S166X_1003130,defaultSecondary3P,100.0,ABC
X_1003130,S167X_1003130,defaultSecondary3P,100.0,ABC
X_1003130,S168X_1003130,defaultSecondary3P,100.0,ABC
X_1003140,S1X_1003140,defaultSecondary3P,100.0,ABC
X_1003140,S2X_1003140,defaultSecondary3P,100.0,ABC
X_1003140,S3X_1003140,defaultSecondary3P,100.0,ABC
X_1007732,S1X_1007732,defaultSecondary,100.0,A
X_1007732,S1X_1007732,defaultSecondary,100.0,B
X_1007732,S1X_1007732,defaultSecondary,100.0,C
X_1007805,S1X_1007805,defaultSecondary,100.0,A
X_1007805,S2X_1007805,defaultSecondary,100.0,A
X_1007805,S1X_1007805,defaultSecondary,100.0,B
X_1007805,S2X_1007805,defaultSecondary,100.0,B
X_1007805,S1X_1007805,defaultSecondary,100.0,C
X_1007805,S2X_1007805,defaultSecondary,100.0,C
